,id,sex,weight,height,Meters,BMI
0,1,M,190,77,0.77,22.52825096980941
1,2,F,120,70,0.7,17.216326530612243
2,3,F,110,68,0.68,16.72361591695502
3,4,M,150,72,0.72,20.341435185185187
4,5,O,120,66,0.66,19.366391184573004
5,6,M,120,60,0.6,23.433333333333334
6,7,F,140,70,0.7,20.085714285714285
